"RF01","案件終了"
"RE01","審査者処理案件"
"RJ01","事務管理承認依頼案件"
"RJ21","訂通処理"
"RJ22","日本発行の指示書"
"RJ26","金額不一致"
"RJ24","その他事務管理処理"
"RJ25","事務管理指示"
"RJ31","システムエラー対応依頼"
"RJ32","金券入力モレ・間違い"
"RJ33","金券金額誤計上"
"RJ35","集金入力モレ"
"RJ38","附帯計上処理依頼"
"RJ36","訂通/振替依頼"
"RJ39","PPデータ待処理依頼"
"RJ3A","物流処理"
"RJ3B","再計上処理依頼"
"RJ3C","経理S該当データ無"
"RJ3D","通信欄印刷依頼"
"RJ37","事務管理指示"
"RJ41","PP金額入力不備"
"RJ42","日本発行の指示書"
"RJ43","未収以外の一般集金"
"RJ45","金額不一致"
"RJ44","事務管理指示"
"RJ51","事務管理処理"
"RJ61","二重入金"
"RJ62","関係会社分処理依頼"
"RJ64","請求情報有無"
"RJ65","請求金額不一致"
"RJ66","請求データ未確定"
"RJ67","先日付入金"
"RJ63","事務管理指示"
"RM01","会計M処理案件"
"RQ11","証憑有無確認"
"RQ12","再スキャン依頼"
"RQ13","証憑記載内容不備"
"RQ14","押印モレ"
"RQ15","金額不一致"
"RQ21","証憑有無確認"
"RQ22","再スキャン依頼"
"RQ23","証憑記載内容不備"
"RQ24","金銭支出書不備"
"RQ25","領収書不備"
"RQ26","出金内容不明"
"RQ27","金額不一致"
"RQ31","証憑有無確認"
"RQ32","再スキャン依頼"
"RQ33","証憑記載内容不備"
"RQ34","原因調査依頼"
"RQ35","返金指示書"
"RQ36","入金指示書"
"RQ38","システムエラー対応"
"RQ37","未計上未配完確認"
"RQ39","金券入力モレ・ミス"
"RQ3A","附帯・引越証憑確認"
"RQ3B","出金入力モレ・ミス"
"RQ3C","集金入力モレ・ミス"
"RQ3D","差戻し依頼"
"RQ3E","入金機データ遅れ"
"RQ3F","計上モレ証憑無"
"RQ41","証憑有無確認"
"RQ42","再スキャン依頼"
"RQ43","証憑記載内容不備"
"RQ44","金額不一致"
"RQ45","請求金額不一致"
"RQ46","不明証憑"
"RQ47","請求情報有無"
"RQ48","請求データ未確定"
"RQ49","連携先不明"
"RQ4A","消込可否確認"
"RQ4B","差戻し依頼"
"RQ4C","集金票エラー訂正依頼"
"RQ61","請求情報有無"
"RQ62","請求金額不一致"
"RQ63","関係会社分請求情報"
"RQ64","請求データ未確定"
"RQ65","先日付入金"
"RQ66","振込手数料金額確認"
"RQ67","顧客名不確定"
"RQ68","請求情報組合せ確認"
"RQ69","訂通のみ入金"
"RR01","委託先内解決可能"
"RR02","事務管理担当処理"
"RT01","伝票起票不備"
"RT02","ワークフロー内容不備"
"RT03","事務管理センター対応"
"RT04","処理経路選択間違"
"RT05","指示書作成不備"
"RT06","調査不備"
"RT07","委託先処理"
"RN01","入金指示"
"RH01","返金指示"
"RW01","作業指示"