"CCE01","なし"
"CCT01","自動振替"
"CCT02","その他出金"
"CCT03","荷物事故費出金"
"CCT04","指示書対応間違い"
"CCT05","出金種別選択間違"
"CCT06","PP入力ミス"
"CCT99","その他"
"CUD00","自動マッチング"
"CUD01","店所コード相違"
"CUD16","特定個人番号"
"CUD02","PPデータ遅れ"
"CUD03","個人番号入力間違い"
"CUD04","入金間違い"
"CUD05","指示書対応"
"CUD07","SD内調整"
"CUD08","ヘッダ番号ダブリ"
"CUD09","附帯計上"
"CUD17","小切手入力モレ"
"CUD12","PP入力モレ・間違い"
"CUD14","入金機データ遅れ"
"CUD15","事務管理処理"
"CUD99","その他"
"CGC01","集金票（＊）"
"CGC02","支払証明"
"CGC03","未収現収"
"CGC04","領収証番号スキャン忘れ"
"CGC05","指示書対応間違い"
"CGC06","未収以外（委託先処理）"
"CGC07","未収以外（事務管理処理）"
"CGC08","PP入力ミス"
"CGC99","その他"
"CGE01","二重入金"
"CGE02","過剰入金"
"CGE03","二重入力"
"CGE99","その他"
"CBT01","共有口座"
"CBT02","枝番顧客"
"CBT03","訂通発生"
"CBT99","その他"