<?xml version="1.0" encoding="utf-8"?>
 <china>
 	<province name="河北省">
 		<city>石家庄</city>
 		<city>保定</city>
 		<city>邯郸</city>
 		<city>承德</city>
 		<city>秦皇岛</city>
 	</province>
 	<province name="山东省">
 		<city>济南</city>
 		<city>青岛</city>
 		<city>烟台</city>
 		<city>淄博</city>
 		<city>威海</city>
 	</province>
 	<province name="河南省">
 		<city>郑州</city>
 		<city>南阳</city>
 		<city>安阳</city>
 		<city>洛阳</city>
 		<city>开封</city>
 	</province>
 </china>