"SeqNo",0,1
"OwnerRole",0,1
"Status",0,1
"RegionCode",0,1
"RegionName",0,1
"OwnerId",0,1
"EventCode",0,1
"ReasonCode",0,1
"AccountStatus",0,1
"MessageInput",0,1
"Message",0,1
"OriginFormConf",0,1
"Directive",0,1
"RtnDirectiveConf",0,1
"SelectedFormNo",0,1
"RegisterFormId",0,1
"DirectiveNo",0,1
"HasForm",0,1
"DeliveryCenterCode",0,1
"DeliveryCenterName",0,1
"PersonalNo",0,1
"WorkingDate",0,1
"SelectedForm",0,1
"SalesSlipNo",0,1
"IssuedDate",0,1
"Amount",0,1
"ExtendedSearch",0,1
"SeqNo",1,1
"OwnerRole",1,1
"Status",1,1
"RegionCode",1,1
"RegionName",1,1
"OwnerId",1,1
"EventCode",1,1
"ReasonCode",1,1
"AccountStatus",1,1
"MessageInput",1,1
"Message",1,1
"OriginFormConf",1,1
"Directive",1,1
"RtnDirectiveConf",1,1
"SelectedFormNo",1,1
"RegisterFormId",1,1
"TransferSlipNo",1,1
"DirectiveNo",1,1
"HasForm",1,1
"DeliveryCenterCode",1,1
"DeliveryCenterName",1,1
"PersonalNo",1,1
"WorkingDate",1,1
"PaymentKind",1,1
"Amount",1,1
"Abst",1,1
"AccountItem",1,1
"AccountDate",1,1
"AccountNo",1,1
"ExtendedSearch",1,1
"SeqNo",2,1
"OwnerRole",2,1
"Status",2,1
"RegionCode",2,1
"RegionName",2,1
"OwnerId",2,1
"EventCode",2,1
"ReasonCode",2,1
"AccountStatus",2,1
"MessageInput",2,1
"Message",2,1
"ReferenceData",2,1
"deleteCSV",2,1
"OriginFormConf",2,1
"Directive",2,1
"RtnDirectiveConf",2,1
"SelectedFormNo",2,1
"ReceiptNo",2,1
"RegisterFormId",2,1
"TransferSlipNo",2,1
"BankTransferSlipNo",2,1
"DirectiveNo",2,1
"HasForm",2,1
"AreaCode",2,1
"DeliveryCenterCode",2,1
"DeliveryCenterName",2,1
"PersonalNo",2,1
"WorkingDate",2,1
"SelectedForm",2,1
"Amount",2,1
"Abst",2,1
"AccountItem",2,1
"AccountDate",2,1
"AccountNo",2,1
"ExtendedSearch",2,1
"SeqNo",3,1
"OwnerRole",3,1
"Status",3,1
"RegionCode",3,1
"RegionName",3,1
"OwnerId",3,1
"EventCode",3,1
"ReasonCode",3,1
"AccountStatus",3,1
"MessageInput",3,1
"Message",3,1
"ReferenceData",3,1
"deleteCSV",3,1
"SelectedFormNo",3,1
"ReceiptNo",3,1
"RegisterFormId",3,1
"TransferSlipNo",3,1
"BankTransferSlipNo",3,1
"HasForm",3,1
"AreaCode",3,1
"ChargedDivision",3,1
"DeliveryCenterCode",3,1
"DeliveryCenterName",3,1
"ErrorCause",3,1
"SlipNo",3,1
"BankedDate",3,1
"CustomerCode",3,1
"PersonalNo",3,1
"WorkingDate",3,1
"HeaderNo",3,1
"BillingNo",3,1
"Charge",3,1
"BankedAmount",3,1
"Remaining",3,1
"SelectedForm",3,1
"ExtendedSearch",3,1
"SeqNo",4,1
"OwnerRole",4,1
"Status",4,1
"RegionCode",4,1
"RegionName",4,1
"OwnerId",4,1
"EventCode",4,1
"ReasonCode",4,1
"AccountStatus",4,1
"MessageInput",4,1
"Message",4,1
"ReferenceData",4,1
"deleteCSV",4,1
"TransferSlipNo",4,1
"BankTransferSlipNo",4,1
"AreaCode",4,1
"DeliveryCenterCode",4,1
"CustomerCode",4,1
"CustomerName",4,1
"IssuedDate",4,1
"Amount",4,1
"ExpectedDate",4,1
"Abst",4,1
"Bank",4,1
"Branch",4,1
"AccountItem",4,1
"AccountDate",4,1
"AccountNo",4,1
"SeqNo",5,1
"OwnerRole",5,1
"Status",5,1
"RegionCode",5,1
"RegionName",5,1
"OwnerId",5,1
"RouteCode",5,1
"EventCode",5,1
"ReasonCode",5,1
"AccountStatus",5,1
"MessageInput",5,1
"Message",5,1
"OriginFormConf",5,1
"Directive",5,1
"RtnDirectiveConf",5,1
"SelectedFormNo",5,1
"TransferSlipNo",5,1
"DirectiveNo",5,1
"HasForm",5,1
"DeliveryCenterCode",5,1
"PersonalNo",5,1
"WorkingDate",5,1
"BankedAmount",5,1
"Name",5,1
"RecordedAmount",5,1
"BalanceAmount",5,1
"ReconcileAmount",5,1
"Balance",5,1
"Account",5,1
"Combination",5,1
"ExtendedSearch",5,1
